Analysis_Tier,Domain,Subset,Mode,Diversity_Order,Q_Label,Estimate_Definition,Estimate_Pretty,Q0_Caution,Metric,Metric_Pretty,Reference_Target_SC,Reference_Sweep_Selected,Reference_Sweep_Label,combo_id,output_rel_dir,export_selected
main_q12,ATC_L1,All,2015,2,q2,Stage2_iNEXT_TD_m_est,Stage2 iNEXT TD.m.est,,CliffsDelta,Cliff's delta,0.965,0.96,0.96,1,figures/main_q12/ATC_L1/All/2015/q2/Stage2_iNEXT_TD_m_est/CliffsDelta,False
main_q12,ATC_L1,All,2016,2,q2,Stage2_iNEXT_TD_m_est,Stage2 iNEXT TD.m.est,,CliffsDelta,Cliff's delta,0.965,0.96,0.96,2,figures/main_q12/ATC_L1/All/2016/q2/Stage2_iNEXT_TD_m_est/CliffsDelta,False
main_q12,ATC_L1,All,2017,2,q2,Stage2_iNEXT_TD_m_est,Stage2 iNEXT TD.m.est,,CliffsDelta,Cliff's delta,0.965,0.96,0.96,3,figures/main_q12/ATC_L1/All/2017/q2/Stage2_iNEXT_TD_m_est/CliffsDelta,False
main_q12,ATC_L1,All,2018,2,q2,Stage2_iNEXT_TD_m_est,Stage2 iNEXT TD.m.est,,CliffsDelta,Cliff's delta,0.965,0.96,0.96,4,figures/main_q12/ATC_L1/All/2018/q2/Stage2_iNEXT_TD_m_est/CliffsDelta,False
main_q12,ATC_L1,All,2019,2,q2,Stage2_iNEXT_TD_m_est,Stage2 iNEXT TD.m.est,,CliffsDelta,Cliff's delta,0.965,0.96,0.96,5,figures/main_q12/ATC_L1/All/2019/q2/Stage2_iNEXT_TD_m_est/CliffsDelta,False
main_q12,ATC_L1,All,2020,2,q2,Stage2_iNEXT_TD_m_est,Stage2 iNEXT TD.m.est,,CliffsDelta,Cliff's delta,0.965,0.96,0.96,6,figures/main_q12/ATC_L1/All/2020/q2/Stage2_iNEXT_TD_m_est/CliffsDelta,False
main_q12,ATC_L1,All,Combo6yr,2,q2,Stage2_iNEXT_TD_m_est,Stage2 iNEXT TD.m.est,,CliffsDelta,Cliff's delta,0.965,0.96,0.96,7,figures/main_q12/ATC_L1/All/Combo6yr/q2/Stage2_iNEXT_TD_m_est/CliffsDelta,False
main_q12,ATC_L1,All,Period1_2015_2017,2,q2,Stage2_iNEXT_TD_m_est,Stage2 iNEXT TD.m.est,,CliffsDelta,Cliff's delta,0.965,0.96,0.96,8,figures/main_q12/ATC_L1/All/Period1_2015_2017/q2/Stage2_iNEXT_TD_m_est/CliffsDelta,False
main_q12,ATC_L1,All,Period2_2018_2020,2,q2,Stage2_iNEXT_TD_m_est,Stage2 iNEXT TD.m.est,,CliffsDelta,Cliff's delta,0.965,0.96,0.96,9,figures/main_q12/ATC_L1/All/Period2_2018_2020/q2/Stage2_iNEXT_TD_m_est/CliffsDelta,False
main_q12,ATC_L1,PM,2015,2,q2,Stage2_iNEXT_TD_m_est,Stage2 iNEXT TD.m.est,,CliffsDelta,Cliff's delta,0.965,0.96,0.96,10,figures/main_q12/ATC_L1/PM/2015/q2/Stage2_iNEXT_TD_m_est/CliffsDelta,False
main_q12,ATC_L1,PM,2016,2,q2,Stage2_iNEXT_TD_m_est,Stage2 iNEXT TD.m.est,,CliffsDelta,Cliff's delta,0.965,0.96,0.96,11,figures/main_q12/ATC_L1/PM/2016/q2/Stage2_iNEXT_TD_m_est/CliffsDelta,False
main_q12,ATC_L1,PM,2017,2,q2,Stage2_iNEXT_TD_m_est,Stage2 iNEXT TD.m.est,,CliffsDelta,Cliff's delta,0.965,0.96,0.96,12,figures/main_q12/ATC_L1/PM/2017/q2/Stage2_iNEXT_TD_m_est/CliffsDelta,False
main_q12,ATC_L1,PM,2018,2,q2,Stage2_iNEXT_TD_m_est,Stage2 iNEXT TD.m.est,,CliffsDelta,Cliff's delta,0.965,0.96,0.96,13,figures/main_q12/ATC_L1/PM/2018/q2/Stage2_iNEXT_TD_m_est/CliffsDelta,False
main_q12,ATC_L1,PM,2019,2,q2,Stage2_iNEXT_TD_m_est,Stage2 iNEXT TD.m.est,,CliffsDelta,Cliff's delta,0.965,0.96,0.96,14,figures/main_q12/ATC_L1/PM/2019/q2/Stage2_iNEXT_TD_m_est/CliffsDelta,False
main_q12,ATC_L1,PM,2020,2,q2,Stage2_iNEXT_TD_m_est,Stage2 iNEXT TD.m.est,,CliffsDelta,Cliff's delta,0.965,0.96,0.96,15,figures/main_q12/ATC_L1/PM/2020/q2/Stage2_iNEXT_TD_m_est/CliffsDelta,False
main_q12,ATC_L1,PM,Combo6yr,2,q2,Stage2_iNEXT_TD_m_est,Stage2 iNEXT TD.m.est,,CliffsDelta,Cliff's delta,0.965,0.96,0.96,16,figures/main_q12/ATC_L1/PM/Combo6yr/q2/Stage2_iNEXT_TD_m_est/CliffsDelta,False
main_q12,ATC_L1,PM,Period1_2015_2017,2,q2,Stage2_iNEXT_TD_m_est,Stage2 iNEXT TD.m.est,,CliffsDelta,Cliff's delta,0.965,0.96,0.96,17,figures/main_q12/ATC_L1/PM/Period1_2015_2017/q2/Stage2_iNEXT_TD_m_est/CliffsDelta,False
main_q12,ATC_L1,PM,Period2_2018_2020,2,q2,Stage2_iNEXT_TD_m_est,Stage2 iNEXT TD.m.est,,CliffsDelta,Cliff's delta,0.965,0.96,0.96,18,figures/main_q12/ATC_L1/PM/Period2_2018_2020/q2/Stage2_iNEXT_TD_m_est/CliffsDelta,False
main_q12,ATC_L1,SM,2015,2,q2,Stage2_iNEXT_TD_m_est,Stage2 iNEXT TD.m.est,,CliffsDelta,Cliff's delta,0.965,0.96,0.96,19,figures/main_q12/ATC_L1/SM/2015/q2/Stage2_iNEXT_TD_m_est/CliffsDelta,False
main_q12,ATC_L1,SM,2016,2,q2,Stage2_iNEXT_TD_m_est,Stage2 iNEXT TD.m.est,,CliffsDelta,Cliff's delta,0.965,0.96,0.96,20,figures/main_q12/ATC_L1/SM/2016/q2/Stage2_iNEXT_TD_m_est/CliffsDelta,False
main_q12,ATC_L1,SM,2017,2,q2,Stage2_iNEXT_TD_m_est,Stage2 iNEXT TD.m.est,,CliffsDelta,Cliff's delta,0.965,0.96,0.96,21,figures/main_q12/ATC_L1/SM/2017/q2/Stage2_iNEXT_TD_m_est/CliffsDelta,False
main_q12,ATC_L1,SM,2018,2,q2,Stage2_iNEXT_TD_m_est,Stage2 iNEXT TD.m.est,,CliffsDelta,Cliff's delta,0.965,0.96,0.96,22,figures/main_q12/ATC_L1/SM/2018/q2/Stage2_iNEXT_TD_m_est/CliffsDelta,False
main_q12,ATC_L1,SM,2019,2,q2,Stage2_iNEXT_TD_m_est,Stage2 iNEXT TD.m.est,,CliffsDelta,Cliff's delta,0.965,0.96,0.96,23,figures/main_q12/ATC_L1/SM/2019/q2/Stage2_iNEXT_TD_m_est/CliffsDelta,False
main_q12,ATC_L1,SM,2020,2,q2,Stage2_iNEXT_TD_m_est,Stage2 iNEXT TD.m.est,,CliffsDelta,Cliff's delta,0.965,0.96,0.96,24,figures/main_q12/ATC_L1/SM/2020/q2/Stage2_iNEXT_TD_m_est/CliffsDelta,False
main_q12,ATC_L1,SM,Combo6yr,2,q2,Stage2_iNEXT_TD_m_est,Stage2 iNEXT TD.m.est,,CliffsDelta,Cliff's delta,0.965,0.96,0.96,25,figures/main_q12/ATC_L1/SM/Combo6yr/q2/Stage2_iNEXT_TD_m_est/CliffsDelta,False
main_q12,ATC_L1,SM,Period1_2015_2017,2,q2,Stage2_iNEXT_TD_m_est,Stage2 iNEXT TD.m.est,,CliffsDelta,Cliff's delta,0.965,0.96,0.96,26,figures/main_q12/ATC_L1/SM/Period1_2015_2017/q2/Stage2_iNEXT_TD_m_est/CliffsDelta,False
main_q12,ATC_L1,SM,Period2_2018_2020,2,q2,Stage2_iNEXT_TD_m_est,Stage2 iNEXT TD.m.est,,CliffsDelta,Cliff's delta,0.965,0.96,0.96,27,figures/main_q12/ATC_L1/SM/Period2_2018_2020/q2/Stage2_iNEXT_TD_m_est/CliffsDelta,False
main_q12,ATC_L2,All,2015,2,q2,Stage2_iNEXT_TD_m_est,Stage2 iNEXT TD.m.est,,CliffsDelta,Cliff's delta,0.965,0.96,0.96,28,figures/main_q12/ATC_L2/All/2015/q2/Stage2_iNEXT_TD_m_est/CliffsDelta,False
main_q12,ATC_L2,All,2016,2,q2,Stage2_iNEXT_TD_m_est,Stage2 iNEXT TD.m.est,,CliffsDelta,Cliff's delta,0.965,0.96,0.96,29,figures/main_q12/ATC_L2/All/2016/q2/Stage2_iNEXT_TD_m_est/CliffsDelta,False
main_q12,ATC_L2,All,2017,2,q2,Stage2_iNEXT_TD_m_est,Stage2 iNEXT TD.m.est,,CliffsDelta,Cliff's delta,0.965,0.96,0.96,30,figures/main_q12/ATC_L2/All/2017/q2/Stage2_iNEXT_TD_m_est/CliffsDelta,False
main_q12,ATC_L2,All,2018,2,q2,Stage2_iNEXT_TD_m_est,Stage2 iNEXT TD.m.est,,CliffsDelta,Cliff's delta,0.965,0.96,0.96,31,figures/main_q12/ATC_L2/All/2018/q2/Stage2_iNEXT_TD_m_est/CliffsDelta,False
main_q12,ATC_L2,All,2019,2,q2,Stage2_iNEXT_TD_m_est,Stage2 iNEXT TD.m.est,,CliffsDelta,Cliff's delta,0.965,0.96,0.96,32,figures/main_q12/ATC_L2/All/2019/q2/Stage2_iNEXT_TD_m_est/CliffsDelta,False
main_q12,ATC_L2,All,2020,2,q2,Stage2_iNEXT_TD_m_est,Stage2 iNEXT TD.m.est,,CliffsDelta,Cliff's delta,0.965,0.96,0.96,33,figures/main_q12/ATC_L2/All/2020/q2/Stage2_iNEXT_TD_m_est/CliffsDelta,False
main_q12,ATC_L2,All,Combo6yr,2,q2,Stage2_iNEXT_TD_m_est,Stage2 iNEXT TD.m.est,,CliffsDelta,Cliff's delta,0.965,0.96,0.96,34,figures/main_q12/ATC_L2/All/Combo6yr/q2/Stage2_iNEXT_TD_m_est/CliffsDelta,False
main_q12,ATC_L2,All,Period1_2015_2017,2,q2,Stage2_iNEXT_TD_m_est,Stage2 iNEXT TD.m.est,,CliffsDelta,Cliff's delta,0.965,0.96,0.96,35,figures/main_q12/ATC_L2/All/Period1_2015_2017/q2/Stage2_iNEXT_TD_m_est/CliffsDelta,False
main_q12,ATC_L2,All,Period2_2018_2020,2,q2,Stage2_iNEXT_TD_m_est,Stage2 iNEXT TD.m.est,,CliffsDelta,Cliff's delta,0.965,0.96,0.96,36,figures/main_q12/ATC_L2/All/Period2_2018_2020/q2/Stage2_iNEXT_TD_m_est/CliffsDelta,False
main_q12,ATC_L2,PM,2015,2,q2,Stage2_iNEXT_TD_m_est,Stage2 iNEXT TD.m.est,,CliffsDelta,Cliff's delta,0.965,0.96,0.96,37,figures/main_q12/ATC_L2/PM/2015/q2/Stage2_iNEXT_TD_m_est/CliffsDelta,False
main_q12,ATC_L2,PM,2016,2,q2,Stage2_iNEXT_TD_m_est,Stage2 iNEXT TD.m.est,,CliffsDelta,Cliff's delta,0.965,0.96,0.96,38,figures/main_q12/ATC_L2/PM/2016/q2/Stage2_iNEXT_TD_m_est/CliffsDelta,False
main_q12,ATC_L2,PM,2017,2,q2,Stage2_iNEXT_TD_m_est,Stage2 iNEXT TD.m.est,,CliffsDelta,Cliff's delta,0.965,0.96,0.96,39,figures/main_q12/ATC_L2/PM/2017/q2/Stage2_iNEXT_TD_m_est/CliffsDelta,False
main_q12,ATC_L2,PM,2018,2,q2,Stage2_iNEXT_TD_m_est,Stage2 iNEXT TD.m.est,,CliffsDelta,Cliff's delta,0.965,0.96,0.96,40,figures/main_q12/ATC_L2/PM/2018/q2/Stage2_iNEXT_TD_m_est/CliffsDelta,False
main_q12,ATC_L2,PM,2019,2,q2,Stage2_iNEXT_TD_m_est,Stage2 iNEXT TD.m.est,,CliffsDelta,Cliff's delta,0.965,0.96,0.96,41,figures/main_q12/ATC_L2/PM/2019/q2/Stage2_iNEXT_TD_m_est/CliffsDelta,False
main_q12,ATC_L2,PM,2020,2,q2,Stage2_iNEXT_TD_m_est,Stage2 iNEXT TD.m.est,,CliffsDelta,Cliff's delta,0.965,0.96,0.96,42,figures/main_q12/ATC_L2/PM/2020/q2/Stage2_iNEXT_TD_m_est/CliffsDelta,False
main_q12,ATC_L2,PM,Combo6yr,2,q2,Stage2_iNEXT_TD_m_est,Stage2 iNEXT TD.m.est,,CliffsDelta,Cliff's delta,0.965,0.96,0.96,43,figures/main_q12/ATC_L2/PM/Combo6yr/q2/Stage2_iNEXT_TD_m_est/CliffsDelta,False
main_q12,ATC_L2,PM,Period1_2015_2017,2,q2,Stage2_iNEXT_TD_m_est,Stage2 iNEXT TD.m.est,,CliffsDelta,Cliff's delta,0.965,0.96,0.96,44,figures/main_q12/ATC_L2/PM/Period1_2015_2017/q2/Stage2_iNEXT_TD_m_est/CliffsDelta,False
main_q12,ATC_L2,PM,Period2_2018_2020,2,q2,Stage2_iNEXT_TD_m_est,Stage2 iNEXT TD.m.est,,CliffsDelta,Cliff's delta,0.965,0.96,0.96,45,figures/main_q12/ATC_L2/PM/Period2_2018_2020/q2/Stage2_iNEXT_TD_m_est/CliffsDelta,False
main_q12,ATC_L2,SM,2015,2,q2,Stage2_iNEXT_TD_m_est,Stage2 iNEXT TD.m.est,,CliffsDelta,Cliff's delta,0.965,0.96,0.96,46,figures/main_q12/ATC_L2/SM/2015/q2/Stage2_iNEXT_TD_m_est/CliffsDelta,False
main_q12,ATC_L2,SM,2016,2,q2,Stage2_iNEXT_TD_m_est,Stage2 iNEXT TD.m.est,,CliffsDelta,Cliff's delta,0.965,0.96,0.96,47,figures/main_q12/ATC_L2/SM/2016/q2/Stage2_iNEXT_TD_m_est/CliffsDelta,False
main_q12,ATC_L2,SM,2017,2,q2,Stage2_iNEXT_TD_m_est,Stage2 iNEXT TD.m.est,,CliffsDelta,Cliff's delta,0.965,0.96,0.96,48,figures/main_q12/ATC_L2/SM/2017/q2/Stage2_iNEXT_TD_m_est/CliffsDelta,False
main_q12,ATC_L2,SM,2018,2,q2,Stage2_iNEXT_TD_m_est,Stage2 iNEXT TD.m.est,,CliffsDelta,Cliff's delta,0.965,0.96,0.96,49,figures/main_q12/ATC_L2/SM/2018/q2/Stage2_iNEXT_TD_m_est/CliffsDelta,False
main_q12,ATC_L2,SM,2019,2,q2,Stage2_iNEXT_TD_m_est,Stage2 iNEXT TD.m.est,,CliffsDelta,Cliff's delta,0.965,0.96,0.96,50,figures/main_q12/ATC_L2/SM/2019/q2/Stage2_iNEXT_TD_m_est/CliffsDelta,False
main_q12,ATC_L2,SM,2020,2,q2,Stage2_iNEXT_TD_m_est,Stage2 iNEXT TD.m.est,,CliffsDelta,Cliff's delta,0.965,0.96,0.96,51,figures/main_q12/ATC_L2/SM/2020/q2/Stage2_iNEXT_TD_m_est/CliffsDelta,False
main_q12,ATC_L2,SM,Combo6yr,2,q2,Stage2_iNEXT_TD_m_est,Stage2 iNEXT TD.m.est,,CliffsDelta,Cliff's delta,0.965,0.96,0.96,52,figures/main_q12/ATC_L2/SM/Combo6yr/q2/Stage2_iNEXT_TD_m_est/CliffsDelta,False
main_q12,ATC_L2,SM,Period1_2015_2017,2,q2,Stage2_iNEXT_TD_m_est,Stage2 iNEXT TD.m.est,,CliffsDelta,Cliff's delta,0.965,0.96,0.96,53,figures/main_q12/ATC_L2/SM/Period1_2015_2017/q2/Stage2_iNEXT_TD_m_est/CliffsDelta,False
main_q12,ATC_L2,SM,Period2_2018_2020,2,q2,Stage2_iNEXT_TD_m_est,Stage2 iNEXT TD.m.est,,CliffsDelta,Cliff's delta,0.965,0.96,0.96,54,figures/main_q12/ATC_L2/SM/Period2_2018_2020/q2/Stage2_iNEXT_TD_m_est/CliffsDelta,False
main_q12,ATC_L3,All,2015,2,q2,Stage2_iNEXT_TD_m_est,Stage2 iNEXT TD.m.est,,CliffsDelta,Cliff's delta,0.965,0.96,0.96,55,figures/main_q12/ATC_L3/All/2015/q2/Stage2_iNEXT_TD_m_est/CliffsDelta,False
main_q12,ATC_L3,All,2016,2,q2,Stage2_iNEXT_TD_m_est,Stage2 iNEXT TD.m.est,,CliffsDelta,Cliff's delta,0.965,0.96,0.96,56,figures/main_q12/ATC_L3/All/2016/q2/Stage2_iNEXT_TD_m_est/CliffsDelta,False
main_q12,ATC_L3,All,2017,2,q2,Stage2_iNEXT_TD_m_est,Stage2 iNEXT TD.m.est,,CliffsDelta,Cliff's delta,0.965,0.96,0.96,57,figures/main_q12/ATC_L3/All/2017/q2/Stage2_iNEXT_TD_m_est/CliffsDelta,False
main_q12,ATC_L3,All,2018,2,q2,Stage2_iNEXT_TD_m_est,Stage2 iNEXT TD.m.est,,CliffsDelta,Cliff's delta,0.965,0.96,0.96,58,figures/main_q12/ATC_L3/All/2018/q2/Stage2_iNEXT_TD_m_est/CliffsDelta,False
main_q12,ATC_L3,All,2019,2,q2,Stage2_iNEXT_TD_m_est,Stage2 iNEXT TD.m.est,,CliffsDelta,Cliff's delta,0.965,0.96,0.96,59,figures/main_q12/ATC_L3/All/2019/q2/Stage2_iNEXT_TD_m_est/CliffsDelta,False
main_q12,ATC_L3,All,2020,2,q2,Stage2_iNEXT_TD_m_est,Stage2 iNEXT TD.m.est,,CliffsDelta,Cliff's delta,0.965,0.96,0.96,60,figures/main_q12/ATC_L3/All/2020/q2/Stage2_iNEXT_TD_m_est/CliffsDelta,False
main_q12,ATC_L3,All,Combo6yr,2,q2,Stage2_iNEXT_TD_m_est,Stage2 iNEXT TD.m.est,,CliffsDelta,Cliff's delta,0.965,0.96,0.96,61,figures/main_q12/ATC_L3/All/Combo6yr/q2/Stage2_iNEXT_TD_m_est/CliffsDelta,False
main_q12,ATC_L3,All,Period1_2015_2017,2,q2,Stage2_iNEXT_TD_m_est,Stage2 iNEXT TD.m.est,,CliffsDelta,Cliff's delta,0.965,0.96,0.96,62,figures/main_q12/ATC_L3/All/Period1_2015_2017/q2/Stage2_iNEXT_TD_m_est/CliffsDelta,False
main_q12,ATC_L3,All,Period2_2018_2020,2,q2,Stage2_iNEXT_TD_m_est,Stage2 iNEXT TD.m.est,,CliffsDelta,Cliff's delta,0.965,0.96,0.96,63,figures/main_q12/ATC_L3/All/Period2_2018_2020/q2/Stage2_iNEXT_TD_m_est/CliffsDelta,False
main_q12,ATC_L3,PM,2015,2,q2,Stage2_iNEXT_TD_m_est,Stage2 iNEXT TD.m.est,,CliffsDelta,Cliff's delta,0.965,0.96,0.96,64,figures/main_q12/ATC_L3/PM/2015/q2/Stage2_iNEXT_TD_m_est/CliffsDelta,False
main_q12,ATC_L3,PM,2016,2,q2,Stage2_iNEXT_TD_m_est,Stage2 iNEXT TD.m.est,,CliffsDelta,Cliff's delta,0.965,0.96,0.96,65,figures/main_q12/ATC_L3/PM/2016/q2/Stage2_iNEXT_TD_m_est/CliffsDelta,False
main_q12,ATC_L3,PM,2017,2,q2,Stage2_iNEXT_TD_m_est,Stage2 iNEXT TD.m.est,,CliffsDelta,Cliff's delta,0.965,0.96,0.96,66,figures/main_q12/ATC_L3/PM/2017/q2/Stage2_iNEXT_TD_m_est/CliffsDelta,False
main_q12,ATC_L3,PM,2018,2,q2,Stage2_iNEXT_TD_m_est,Stage2 iNEXT TD.m.est,,CliffsDelta,Cliff's delta,0.965,0.96,0.96,67,figures/main_q12/ATC_L3/PM/2018/q2/Stage2_iNEXT_TD_m_est/CliffsDelta,False
main_q12,ATC_L3,PM,2019,2,q2,Stage2_iNEXT_TD_m_est,Stage2 iNEXT TD.m.est,,CliffsDelta,Cliff's delta,0.965,0.96,0.96,68,figures/main_q12/ATC_L3/PM/2019/q2/Stage2_iNEXT_TD_m_est/CliffsDelta,False
main_q12,ATC_L3,PM,2020,2,q2,Stage2_iNEXT_TD_m_est,Stage2 iNEXT TD.m.est,,CliffsDelta,Cliff's delta,0.965,0.96,0.96,69,figures/main_q12/ATC_L3/PM/2020/q2/Stage2_iNEXT_TD_m_est/CliffsDelta,True
main_q12,ATC_L3,PM,Combo6yr,2,q2,Stage2_iNEXT_TD_m_est,Stage2 iNEXT TD.m.est,,CliffsDelta,Cliff's delta,0.965,0.96,0.96,70,figures/main_q12/ATC_L3/PM/Combo6yr/q2/Stage2_iNEXT_TD_m_est/CliffsDelta,True
main_q12,ATC_L3,PM,Period1_2015_2017,2,q2,Stage2_iNEXT_TD_m_est,Stage2 iNEXT TD.m.est,,CliffsDelta,Cliff's delta,0.965,0.96,0.96,71,figures/main_q12/ATC_L3/PM/Period1_2015_2017/q2/Stage2_iNEXT_TD_m_est/CliffsDelta,True
main_q12,ATC_L3,PM,Period2_2018_2020,2,q2,Stage2_iNEXT_TD_m_est,Stage2 iNEXT TD.m.est,,CliffsDelta,Cliff's delta,0.965,0.96,0.96,72,figures/main_q12/ATC_L3/PM/Period2_2018_2020/q2/Stage2_iNEXT_TD_m_est/CliffsDelta,True
main_q12,ATC_L3,SM,2015,2,q2,Stage2_iNEXT_TD_m_est,Stage2 iNEXT TD.m.est,,CliffsDelta,Cliff's delta,0.965,0.96,0.96,73,figures/main_q12/ATC_L3/SM/2015/q2/Stage2_iNEXT_TD_m_est/CliffsDelta,True
main_q12,ATC_L3,SM,2016,2,q2,Stage2_iNEXT_TD_m_est,Stage2 iNEXT TD.m.est,,CliffsDelta,Cliff's delta,0.965,0.96,0.96,74,figures/main_q12/ATC_L3/SM/2016/q2/Stage2_iNEXT_TD_m_est/CliffsDelta,True
main_q12,ATC_L3,SM,2017,2,q2,Stage2_iNEXT_TD_m_est,Stage2 iNEXT TD.m.est,,CliffsDelta,Cliff's delta,0.965,0.96,0.96,75,figures/main_q12/ATC_L3/SM/2017/q2/Stage2_iNEXT_TD_m_est/CliffsDelta,True
main_q12,ATC_L3,SM,2018,2,q2,Stage2_iNEXT_TD_m_est,Stage2 iNEXT TD.m.est,,CliffsDelta,Cliff's delta,0.965,0.96,0.96,76,figures/main_q12/ATC_L3/SM/2018/q2/Stage2_iNEXT_TD_m_est/CliffsDelta,True
main_q12,ATC_L3,SM,2019,2,q2,Stage2_iNEXT_TD_m_est,Stage2 iNEXT TD.m.est,,CliffsDelta,Cliff's delta,0.965,0.96,0.96,77,figures/main_q12/ATC_L3/SM/2019/q2/Stage2_iNEXT_TD_m_est/CliffsDelta,True
main_q12,ATC_L3,SM,2020,2,q2,Stage2_iNEXT_TD_m_est,Stage2 iNEXT TD.m.est,,CliffsDelta,Cliff's delta,0.965,0.96,0.96,78,figures/main_q12/ATC_L3/SM/2020/q2/Stage2_iNEXT_TD_m_est/CliffsDelta,True
main_q12,ATC_L3,SM,Combo6yr,2,q2,Stage2_iNEXT_TD_m_est,Stage2 iNEXT TD.m.est,,CliffsDelta,Cliff's delta,0.965,0.96,0.96,79,figures/main_q12/ATC_L3/SM/Combo6yr/q2/Stage2_iNEXT_TD_m_est/CliffsDelta,True
main_q12,ATC_L3,SM,Period1_2015_2017,2,q2,Stage2_iNEXT_TD_m_est,Stage2 iNEXT TD.m.est,,CliffsDelta,Cliff's delta,0.965,0.96,0.96,80,figures/main_q12/ATC_L3/SM/Period1_2015_2017/q2/Stage2_iNEXT_TD_m_est/CliffsDelta,True
main_q12,ATC_L3,SM,Period2_2018_2020,2,q2,Stage2_iNEXT_TD_m_est,Stage2 iNEXT TD.m.est,,CliffsDelta,Cliff's delta,0.965,0.96,0.96,81,figures/main_q12/ATC_L3/SM/Period2_2018_2020/q2/Stage2_iNEXT_TD_m_est/CliffsDelta,True
main_q12,Brite,All,2015,2,q2,Stage2_iNEXT_TD_m_est,Stage2 iNEXT TD.m.est,,CliffsDelta,Cliff's delta,0.965,0.96,0.96,82,figures/main_q12/Brite/All/2015/q2/Stage2_iNEXT_TD_m_est/CliffsDelta,True
main_q12,Brite,All,2016,2,q2,Stage2_iNEXT_TD_m_est,Stage2 iNEXT TD.m.est,,CliffsDelta,Cliff's delta,0.965,0.96,0.96,83,figures/main_q12/Brite/All/2016/q2/Stage2_iNEXT_TD_m_est/CliffsDelta,True
main_q12,Brite,All,2017,2,q2,Stage2_iNEXT_TD_m_est,Stage2 iNEXT TD.m.est,,CliffsDelta,Cliff's delta,0.965,0.96,0.96,84,figures/main_q12/Brite/All/2017/q2/Stage2_iNEXT_TD_m_est/CliffsDelta,True
main_q12,Brite,All,2018,2,q2,Stage2_iNEXT_TD_m_est,Stage2 iNEXT TD.m.est,,CliffsDelta,Cliff's delta,0.965,0.96,0.96,85,figures/main_q12/Brite/All/2018/q2/Stage2_iNEXT_TD_m_est/CliffsDelta,True
main_q12,Brite,All,2019,2,q2,Stage2_iNEXT_TD_m_est,Stage2 iNEXT TD.m.est,,CliffsDelta,Cliff's delta,0.965,0.96,0.96,86,figures/main_q12/Brite/All/2019/q2/Stage2_iNEXT_TD_m_est/CliffsDelta,True
main_q12,Brite,All,2020,2,q2,Stage2_iNEXT_TD_m_est,Stage2 iNEXT TD.m.est,,CliffsDelta,Cliff's delta,0.965,0.96,0.96,87,figures/main_q12/Brite/All/2020/q2/Stage2_iNEXT_TD_m_est/CliffsDelta,True
main_q12,Brite,All,Combo6yr,2,q2,Stage2_iNEXT_TD_m_est,Stage2 iNEXT TD.m.est,,CliffsDelta,Cliff's delta,0.965,0.96,0.96,88,figures/main_q12/Brite/All/Combo6yr/q2/Stage2_iNEXT_TD_m_est/CliffsDelta,True
main_q12,Brite,All,Period1_2015_2017,2,q2,Stage2_iNEXT_TD_m_est,Stage2 iNEXT TD.m.est,,CliffsDelta,Cliff's delta,0.965,0.96,0.96,89,figures/main_q12/Brite/All/Period1_2015_2017/q2/Stage2_iNEXT_TD_m_est/CliffsDelta,True
main_q12,Brite,All,Period2_2018_2020,2,q2,Stage2_iNEXT_TD_m_est,Stage2 iNEXT TD.m.est,,CliffsDelta,Cliff's delta,0.965,0.96,0.96,90,figures/main_q12/Brite/All/Period2_2018_2020/q2/Stage2_iNEXT_TD_m_est/CliffsDelta,True
main_q12,Brite,PM,2015,2,q2,Stage2_iNEXT_TD_m_est,Stage2 iNEXT TD.m.est,,CliffsDelta,Cliff's delta,0.965,0.96,0.96,91,figures/main_q12/Brite/PM/2015/q2/Stage2_iNEXT_TD_m_est/CliffsDelta,True
main_q12,Brite,PM,2016,2,q2,Stage2_iNEXT_TD_m_est,Stage2 iNEXT TD.m.est,,CliffsDelta,Cliff's delta,0.965,0.96,0.96,92,figures/main_q12/Brite/PM/2016/q2/Stage2_iNEXT_TD_m_est/CliffsDelta,True
main_q12,Brite,PM,2017,2,q2,Stage2_iNEXT_TD_m_est,Stage2 iNEXT TD.m.est,,CliffsDelta,Cliff's delta,0.965,0.96,0.96,93,figures/main_q12/Brite/PM/2017/q2/Stage2_iNEXT_TD_m_est/CliffsDelta,True
main_q12,Brite,PM,2018,2,q2,Stage2_iNEXT_TD_m_est,Stage2 iNEXT TD.m.est,,CliffsDelta,Cliff's delta,0.965,0.96,0.96,94,figures/main_q12/Brite/PM/2018/q2/Stage2_iNEXT_TD_m_est/CliffsDelta,True
main_q12,Brite,PM,2019,2,q2,Stage2_iNEXT_TD_m_est,Stage2 iNEXT TD.m.est,,CliffsDelta,Cliff's delta,0.965,0.96,0.96,95,figures/main_q12/Brite/PM/2019/q2/Stage2_iNEXT_TD_m_est/CliffsDelta,True
main_q12,Brite,PM,2020,2,q2,Stage2_iNEXT_TD_m_est,Stage2 iNEXT TD.m.est,,CliffsDelta,Cliff's delta,0.965,0.96,0.96,96,figures/main_q12/Brite/PM/2020/q2/Stage2_iNEXT_TD_m_est/CliffsDelta,True
main_q12,Brite,PM,Combo6yr,2,q2,Stage2_iNEXT_TD_m_est,Stage2 iNEXT TD.m.est,,CliffsDelta,Cliff's delta,0.965,0.96,0.96,97,figures/main_q12/Brite/PM/Combo6yr/q2/Stage2_iNEXT_TD_m_est/CliffsDelta,True
main_q12,Brite,PM,Period1_2015_2017,2,q2,Stage2_iNEXT_TD_m_est,Stage2 iNEXT TD.m.est,,CliffsDelta,Cliff's delta,0.965,0.96,0.96,98,figures/main_q12/Brite/PM/Period1_2015_2017/q2/Stage2_iNEXT_TD_m_est/CliffsDelta,True
main_q12,Brite,PM,Period2_2018_2020,2,q2,Stage2_iNEXT_TD_m_est,Stage2 iNEXT TD.m.est,,CliffsDelta,Cliff's delta,0.965,0.96,0.96,99,figures/main_q12/Brite/PM/Period2_2018_2020/q2/Stage2_iNEXT_TD_m_est/CliffsDelta,True
main_q12,Brite,SM,2015,2,q2,Stage2_iNEXT_TD_m_est,Stage2 iNEXT TD.m.est,,CliffsDelta,Cliff's delta,0.965,0.96,0.96,100,figures/main_q12/Brite/SM/2015/q2/Stage2_iNEXT_TD_m_est/CliffsDelta,True
main_q12,Brite,SM,2016,2,q2,Stage2_iNEXT_TD_m_est,Stage2 iNEXT TD.m.est,,CliffsDelta,Cliff's delta,0.965,0.96,0.96,101,figures/main_q12/Brite/SM/2016/q2/Stage2_iNEXT_TD_m_est/CliffsDelta,True
main_q12,Brite,SM,2017,2,q2,Stage2_iNEXT_TD_m_est,Stage2 iNEXT TD.m.est,,CliffsDelta,Cliff's delta,0.965,0.96,0.96,102,figures/main_q12/Brite/SM/2017/q2/Stage2_iNEXT_TD_m_est/CliffsDelta,True
main_q12,Brite,SM,2018,2,q2,Stage2_iNEXT_TD_m_est,Stage2 iNEXT TD.m.est,,CliffsDelta,Cliff's delta,0.965,0.96,0.96,103,figures/main_q12/Brite/SM/2018/q2/Stage2_iNEXT_TD_m_est/CliffsDelta,True
main_q12,Brite,SM,2019,2,q2,Stage2_iNEXT_TD_m_est,Stage2 iNEXT TD.m.est,,CliffsDelta,Cliff's delta,0.965,0.96,0.96,104,figures/main_q12/Brite/SM/2019/q2/Stage2_iNEXT_TD_m_est/CliffsDelta,True
main_q12,Brite,SM,2020,2,q2,Stage2_iNEXT_TD_m_est,Stage2 iNEXT TD.m.est,,CliffsDelta,Cliff's delta,0.965,0.96,0.96,105,figures/main_q12/Brite/SM/2020/q2/Stage2_iNEXT_TD_m_est/CliffsDelta,True
main_q12,Brite,SM,Combo6yr,2,q2,Stage2_iNEXT_TD_m_est,Stage2 iNEXT TD.m.est,,CliffsDelta,Cliff's delta,0.965,0.96,0.96,106,figures/main_q12/Brite/SM/Combo6yr/q2/Stage2_iNEXT_TD_m_est/CliffsDelta,True
main_q12,Brite,SM,Period1_2015_2017,2,q2,Stage2_iNEXT_TD_m_est,Stage2 iNEXT TD.m.est,,CliffsDelta,Cliff's delta,0.965,0.96,0.96,107,figures/main_q12/Brite/SM/Period1_2015_2017/q2/Stage2_iNEXT_TD_m_est/CliffsDelta,True
main_q12,Brite,SM,Period2_2018_2020,2,q2,Stage2_iNEXT_TD_m_est,Stage2 iNEXT TD.m.est,,CliffsDelta,Cliff's delta,0.965,0.96,0.96,108,figures/main_q12/Brite/SM/Period2_2018_2020/q2/Stage2_iNEXT_TD_m_est/CliffsDelta,True
main_q12,Disease_ICD11,All,2015,2,q2,Stage2_iNEXT_TD_m_est,Stage2 iNEXT TD.m.est,,CliffsDelta,Cliff's delta,0.965,0.96,0.96,109,figures/main_q12/Disease_ICD11/All/2015/q2/Stage2_iNEXT_TD_m_est/CliffsDelta,True
main_q12,Disease_ICD11,All,2016,2,q2,Stage2_iNEXT_TD_m_est,Stage2 iNEXT TD.m.est,,CliffsDelta,Cliff's delta,0.965,0.96,0.96,110,figures/main_q12/Disease_ICD11/All/2016/q2/Stage2_iNEXT_TD_m_est/CliffsDelta,True
main_q12,Disease_ICD11,All,2017,2,q2,Stage2_iNEXT_TD_m_est,Stage2 iNEXT TD.m.est,,CliffsDelta,Cliff's delta,0.965,0.96,0.96,111,figures/main_q12/Disease_ICD11/All/2017/q2/Stage2_iNEXT_TD_m_est/CliffsDelta,True
main_q12,Disease_ICD11,All,2018,2,q2,Stage2_iNEXT_TD_m_est,Stage2 iNEXT TD.m.est,,CliffsDelta,Cliff's delta,0.965,0.96,0.96,112,figures/main_q12/Disease_ICD11/All/2018/q2/Stage2_iNEXT_TD_m_est/CliffsDelta,True
main_q12,Disease_ICD11,All,2019,2,q2,Stage2_iNEXT_TD_m_est,Stage2 iNEXT TD.m.est,,CliffsDelta,Cliff's delta,0.965,0.96,0.96,113,figures/main_q12/Disease_ICD11/All/2019/q2/Stage2_iNEXT_TD_m_est/CliffsDelta,True
main_q12,Disease_ICD11,All,2020,2,q2,Stage2_iNEXT_TD_m_est,Stage2 iNEXT TD.m.est,,CliffsDelta,Cliff's delta,0.965,0.96,0.96,114,figures/main_q12/Disease_ICD11/All/2020/q2/Stage2_iNEXT_TD_m_est/CliffsDelta,True
main_q12,Disease_ICD11,All,Combo6yr,2,q2,Stage2_iNEXT_TD_m_est,Stage2 iNEXT TD.m.est,,CliffsDelta,Cliff's delta,0.965,0.96,0.96,115,figures/main_q12/Disease_ICD11/All/Combo6yr/q2/Stage2_iNEXT_TD_m_est/CliffsDelta,True
main_q12,Disease_ICD11,All,Period1_2015_2017,2,q2,Stage2_iNEXT_TD_m_est,Stage2 iNEXT TD.m.est,,CliffsDelta,Cliff's delta,0.965,0.96,0.96,116,figures/main_q12/Disease_ICD11/All/Period1_2015_2017/q2/Stage2_iNEXT_TD_m_est/CliffsDelta,True
main_q12,Disease_ICD11,All,Period2_2018_2020,2,q2,Stage2_iNEXT_TD_m_est,Stage2 iNEXT TD.m.est,,CliffsDelta,Cliff's delta,0.965,0.96,0.96,117,figures/main_q12/Disease_ICD11/All/Period2_2018_2020/q2/Stage2_iNEXT_TD_m_est/CliffsDelta,True
main_q12,Disease_ICD11,PM,2015,2,q2,Stage2_iNEXT_TD_m_est,Stage2 iNEXT TD.m.est,,CliffsDelta,Cliff's delta,0.965,0.96,0.96,118,figures/main_q12/Disease_ICD11/PM/2015/q2/Stage2_iNEXT_TD_m_est/CliffsDelta,True
main_q12,Disease_ICD11,PM,2016,2,q2,Stage2_iNEXT_TD_m_est,Stage2 iNEXT TD.m.est,,CliffsDelta,Cliff's delta,0.965,0.96,0.96,119,figures/main_q12/Disease_ICD11/PM/2016/q2/Stage2_iNEXT_TD_m_est/CliffsDelta,True
main_q12,Disease_ICD11,PM,2017,2,q2,Stage2_iNEXT_TD_m_est,Stage2 iNEXT TD.m.est,,CliffsDelta,Cliff's delta,0.965,0.96,0.96,120,figures/main_q12/Disease_ICD11/PM/2017/q2/Stage2_iNEXT_TD_m_est/CliffsDelta,True
main_q12,Disease_ICD11,PM,2018,2,q2,Stage2_iNEXT_TD_m_est,Stage2 iNEXT TD.m.est,,CliffsDelta,Cliff's delta,0.965,0.96,0.96,121,figures/main_q12/Disease_ICD11/PM/2018/q2/Stage2_iNEXT_TD_m_est/CliffsDelta,True
main_q12,Disease_ICD11,PM,2019,2,q2,Stage2_iNEXT_TD_m_est,Stage2 iNEXT TD.m.est,,CliffsDelta,Cliff's delta,0.965,0.96,0.96,122,figures/main_q12/Disease_ICD11/PM/2019/q2/Stage2_iNEXT_TD_m_est/CliffsDelta,True
main_q12,Disease_ICD11,PM,2020,2,q2,Stage2_iNEXT_TD_m_est,Stage2 iNEXT TD.m.est,,CliffsDelta,Cliff's delta,0.965,0.96,0.96,123,figures/main_q12/Disease_ICD11/PM/2020/q2/Stage2_iNEXT_TD_m_est/CliffsDelta,True
main_q12,Disease_ICD11,PM,Combo6yr,2,q2,Stage2_iNEXT_TD_m_est,Stage2 iNEXT TD.m.est,,CliffsDelta,Cliff's delta,0.965,0.96,0.96,124,figures/main_q12/Disease_ICD11/PM/Combo6yr/q2/Stage2_iNEXT_TD_m_est/CliffsDelta,True
main_q12,Disease_ICD11,PM,Period1_2015_2017,2,q2,Stage2_iNEXT_TD_m_est,Stage2 iNEXT TD.m.est,,CliffsDelta,Cliff's delta,0.965,0.96,0.96,125,figures/main_q12/Disease_ICD11/PM/Period1_2015_2017/q2/Stage2_iNEXT_TD_m_est/CliffsDelta,True
main_q12,Disease_ICD11,PM,Period2_2018_2020,2,q2,Stage2_iNEXT_TD_m_est,Stage2 iNEXT TD.m.est,,CliffsDelta,Cliff's delta,0.965,0.96,0.96,126,figures/main_q12/Disease_ICD11/PM/Period2_2018_2020/q2/Stage2_iNEXT_TD_m_est/CliffsDelta,True
main_q12,Disease_ICD11,SM,2015,2,q2,Stage2_iNEXT_TD_m_est,Stage2 iNEXT TD.m.est,,CliffsDelta,Cliff's delta,0.965,0.96,0.96,127,figures/main_q12/Disease_ICD11/SM/2015/q2/Stage2_iNEXT_TD_m_est/CliffsDelta,True
main_q12,Disease_ICD11,SM,2016,2,q2,Stage2_iNEXT_TD_m_est,Stage2 iNEXT TD.m.est,,CliffsDelta,Cliff's delta,0.965,0.96,0.96,128,figures/main_q12/Disease_ICD11/SM/2016/q2/Stage2_iNEXT_TD_m_est/CliffsDelta,True
main_q12,Disease_ICD11,SM,2017,2,q2,Stage2_iNEXT_TD_m_est,Stage2 iNEXT TD.m.est,,CliffsDelta,Cliff's delta,0.965,0.96,0.96,129,figures/main_q12/Disease_ICD11/SM/2017/q2/Stage2_iNEXT_TD_m_est/CliffsDelta,True
main_q12,Disease_ICD11,SM,2018,2,q2,Stage2_iNEXT_TD_m_est,Stage2 iNEXT TD.m.est,,CliffsDelta,Cliff's delta,0.965,0.96,0.96,130,figures/main_q12/Disease_ICD11/SM/2018/q2/Stage2_iNEXT_TD_m_est/CliffsDelta,True
main_q12,Disease_ICD11,SM,2019,2,q2,Stage2_iNEXT_TD_m_est,Stage2 iNEXT TD.m.est,,CliffsDelta,Cliff's delta,0.965,0.96,0.96,131,figures/main_q12/Disease_ICD11/SM/2019/q2/Stage2_iNEXT_TD_m_est/CliffsDelta,True
main_q12,Disease_ICD11,SM,2020,2,q2,Stage2_iNEXT_TD_m_est,Stage2 iNEXT TD.m.est,,CliffsDelta,Cliff's delta,0.965,0.96,0.96,132,figures/main_q12/Disease_ICD11/SM/2020/q2/Stage2_iNEXT_TD_m_est/CliffsDelta,True
main_q12,Disease_ICD11,SM,Combo6yr,2,q2,Stage2_iNEXT_TD_m_est,Stage2 iNEXT TD.m.est,,CliffsDelta,Cliff's delta,0.965,0.96,0.96,133,figures/main_q12/Disease_ICD11/SM/Combo6yr/q2/Stage2_iNEXT_TD_m_est/CliffsDelta,True
main_q12,Disease_ICD11,SM,Period1_2015_2017,2,q2,Stage2_iNEXT_TD_m_est,Stage2 iNEXT TD.m.est,,CliffsDelta,Cliff's delta,0.965,0.96,0.96,134,figures/main_q12/Disease_ICD11/SM/Period1_2015_2017/q2/Stage2_iNEXT_TD_m_est/CliffsDelta,True
main_q12,Disease_ICD11,SM,Period2_2018_2020,2,q2,Stage2_iNEXT_TD_m_est,Stage2 iNEXT TD.m.est,,CliffsDelta,Cliff's delta,0.965,0.96,0.96,135,figures/main_q12/Disease_ICD11/SM/Period2_2018_2020/q2/Stage2_iNEXT_TD_m_est/CliffsDelta,True
main_q12,Disease_NE,All,2015,2,q2,Stage2_iNEXT_TD_m_est,Stage2 iNEXT TD.m.est,,CliffsDelta,Cliff's delta,0.965,0.96,0.96,136,figures/main_q12/Disease_NE/All/2015/q2/Stage2_iNEXT_TD_m_est/CliffsDelta,True
main_q12,Disease_NE,All,2016,2,q2,Stage2_iNEXT_TD_m_est,Stage2 iNEXT TD.m.est,,CliffsDelta,Cliff's delta,0.965,0.96,0.96,137,figures/main_q12/Disease_NE/All/2016/q2/Stage2_iNEXT_TD_m_est/CliffsDelta,False
main_q12,Disease_NE,All,2017,2,q2,Stage2_iNEXT_TD_m_est,Stage2 iNEXT TD.m.est,,CliffsDelta,Cliff's delta,0.965,0.96,0.96,138,figures/main_q12/Disease_NE/All/2017/q2/Stage2_iNEXT_TD_m_est/CliffsDelta,False
main_q12,Disease_NE,All,2018,2,q2,Stage2_iNEXT_TD_m_est,Stage2 iNEXT TD.m.est,,CliffsDelta,Cliff's delta,0.965,0.96,0.96,139,figures/main_q12/Disease_NE/All/2018/q2/Stage2_iNEXT_TD_m_est/CliffsDelta,False
main_q12,Disease_NE,All,2019,2,q2,Stage2_iNEXT_TD_m_est,Stage2 iNEXT TD.m.est,,CliffsDelta,Cliff's delta,0.965,0.96,0.96,140,figures/main_q12/Disease_NE/All/2019/q2/Stage2_iNEXT_TD_m_est/CliffsDelta,False
main_q12,Disease_NE,All,2020,2,q2,Stage2_iNEXT_TD_m_est,Stage2 iNEXT TD.m.est,,CliffsDelta,Cliff's delta,0.965,0.96,0.96,141,figures/main_q12/Disease_NE/All/2020/q2/Stage2_iNEXT_TD_m_est/CliffsDelta,False
main_q12,Disease_NE,All,Combo6yr,2,q2,Stage2_iNEXT_TD_m_est,Stage2 iNEXT TD.m.est,,CliffsDelta,Cliff's delta,0.965,0.96,0.96,142,figures/main_q12/Disease_NE/All/Combo6yr/q2/Stage2_iNEXT_TD_m_est/CliffsDelta,False
main_q12,Disease_NE,All,Period1_2015_2017,2,q2,Stage2_iNEXT_TD_m_est,Stage2 iNEXT TD.m.est,,CliffsDelta,Cliff's delta,0.965,0.96,0.96,143,figures/main_q12/Disease_NE/All/Period1_2015_2017/q2/Stage2_iNEXT_TD_m_est/CliffsDelta,False
main_q12,Disease_NE,All,Period2_2018_2020,2,q2,Stage2_iNEXT_TD_m_est,Stage2 iNEXT TD.m.est,,CliffsDelta,Cliff's delta,0.965,0.96,0.96,144,figures/main_q12/Disease_NE/All/Period2_2018_2020/q2/Stage2_iNEXT_TD_m_est/CliffsDelta,False
main_q12,Disease_NE,PM,2015,2,q2,Stage2_iNEXT_TD_m_est,Stage2 iNEXT TD.m.est,,CliffsDelta,Cliff's delta,0.965,0.96,0.96,145,figures/main_q12/Disease_NE/PM/2015/q2/Stage2_iNEXT_TD_m_est/CliffsDelta,False
main_q12,Disease_NE,PM,2016,2,q2,Stage2_iNEXT_TD_m_est,Stage2 iNEXT TD.m.est,,CliffsDelta,Cliff's delta,0.965,0.96,0.96,146,figures/main_q12/Disease_NE/PM/2016/q2/Stage2_iNEXT_TD_m_est/CliffsDelta,False
main_q12,Disease_NE,PM,2017,2,q2,Stage2_iNEXT_TD_m_est,Stage2 iNEXT TD.m.est,,CliffsDelta,Cliff's delta,0.965,0.96,0.96,147,figures/main_q12/Disease_NE/PM/2017/q2/Stage2_iNEXT_TD_m_est/CliffsDelta,False
main_q12,Disease_NE,PM,2018,2,q2,Stage2_iNEXT_TD_m_est,Stage2 iNEXT TD.m.est,,CliffsDelta,Cliff's delta,0.965,0.96,0.96,148,figures/main_q12/Disease_NE/PM/2018/q2/Stage2_iNEXT_TD_m_est/CliffsDelta,False
main_q12,Disease_NE,PM,2019,2,q2,Stage2_iNEXT_TD_m_est,Stage2 iNEXT TD.m.est,,CliffsDelta,Cliff's delta,0.965,0.96,0.96,149,figures/main_q12/Disease_NE/PM/2019/q2/Stage2_iNEXT_TD_m_est/CliffsDelta,False
main_q12,Disease_NE,PM,2020,2,q2,Stage2_iNEXT_TD_m_est,Stage2 iNEXT TD.m.est,,CliffsDelta,Cliff's delta,0.965,0.96,0.96,150,figures/main_q12/Disease_NE/PM/2020/q2/Stage2_iNEXT_TD_m_est/CliffsDelta,False
main_q12,Disease_NE,PM,Combo6yr,2,q2,Stage2_iNEXT_TD_m_est,Stage2 iNEXT TD.m.est,,CliffsDelta,Cliff's delta,0.965,0.96,0.96,151,figures/main_q12/Disease_NE/PM/Combo6yr/q2/Stage2_iNEXT_TD_m_est/CliffsDelta,False
main_q12,Disease_NE,PM,Period1_2015_2017,2,q2,Stage2_iNEXT_TD_m_est,Stage2 iNEXT TD.m.est,,CliffsDelta,Cliff's delta,0.965,0.96,0.96,152,figures/main_q12/Disease_NE/PM/Period1_2015_2017/q2/Stage2_iNEXT_TD_m_est/CliffsDelta,False
main_q12,Disease_NE,PM,Period2_2018_2020,2,q2,Stage2_iNEXT_TD_m_est,Stage2 iNEXT TD.m.est,,CliffsDelta,Cliff's delta,0.965,0.96,0.96,153,figures/main_q12/Disease_NE/PM/Period2_2018_2020/q2/Stage2_iNEXT_TD_m_est/CliffsDelta,False
main_q12,Disease_NE,SM,2015,2,q2,Stage2_iNEXT_TD_m_est,Stage2 iNEXT TD.m.est,,CliffsDelta,Cliff's delta,0.965,0.96,0.96,154,figures/main_q12/Disease_NE/SM/2015/q2/Stage2_iNEXT_TD_m_est/CliffsDelta,False
main_q12,Disease_NE,SM,2016,2,q2,Stage2_iNEXT_TD_m_est,Stage2 iNEXT TD.m.est,,CliffsDelta,Cliff's delta,0.965,0.96,0.96,155,figures/main_q12/Disease_NE/SM/2016/q2/Stage2_iNEXT_TD_m_est/CliffsDelta,False
main_q12,Disease_NE,SM,2017,2,q2,Stage2_iNEXT_TD_m_est,Stage2 iNEXT TD.m.est,,CliffsDelta,Cliff's delta,0.965,0.96,0.96,156,figures/main_q12/Disease_NE/SM/2017/q2/Stage2_iNEXT_TD_m_est/CliffsDelta,False
main_q12,Disease_NE,SM,2018,2,q2,Stage2_iNEXT_TD_m_est,Stage2 iNEXT TD.m.est,,CliffsDelta,Cliff's delta,0.965,0.96,0.96,157,figures/main_q12/Disease_NE/SM/2018/q2/Stage2_iNEXT_TD_m_est/CliffsDelta,False
main_q12,Disease_NE,SM,2019,2,q2,Stage2_iNEXT_TD_m_est,Stage2 iNEXT TD.m.est,,CliffsDelta,Cliff's delta,0.965,0.96,0.96,158,figures/main_q12/Disease_NE/SM/2019/q2/Stage2_iNEXT_TD_m_est/CliffsDelta,False
main_q12,Disease_NE,SM,2020,2,q2,Stage2_iNEXT_TD_m_est,Stage2 iNEXT TD.m.est,,CliffsDelta,Cliff's delta,0.965,0.96,0.96,159,figures/main_q12/Disease_NE/SM/2020/q2/Stage2_iNEXT_TD_m_est/CliffsDelta,False
main_q12,Disease_NE,SM,Combo6yr,2,q2,Stage2_iNEXT_TD_m_est,Stage2 iNEXT TD.m.est,,CliffsDelta,Cliff's delta,0.965,0.96,0.96,160,figures/main_q12/Disease_NE/SM/Combo6yr/q2/Stage2_iNEXT_TD_m_est/CliffsDelta,False
main_q12,Disease_NE,SM,Period1_2015_2017,2,q2,Stage2_iNEXT_TD_m_est,Stage2 iNEXT TD.m.est,,CliffsDelta,Cliff's delta,0.965,0.96,0.96,161,figures/main_q12/Disease_NE/SM/Period1_2015_2017/q2/Stage2_iNEXT_TD_m_est/CliffsDelta,False
main_q12,Disease_NE,SM,Period2_2018_2020,2,q2,Stage2_iNEXT_TD_m_est,Stage2 iNEXT TD.m.est,,CliffsDelta,Cliff's delta,0.965,0.96,0.96,162,figures/main_q12/Disease_NE/SM/Period2_2018_2020/q2/Stage2_iNEXT_TD_m_est/CliffsDelta,False
main_q12,Disease_PathCL,All,2015,2,q2,Stage2_iNEXT_TD_m_est,Stage2 iNEXT TD.m.est,,CliffsDelta,Cliff's delta,0.965,0.96,0.96,163,figures/main_q12/Disease_PathCL/All/2015/q2/Stage2_iNEXT_TD_m_est/CliffsDelta,False
main_q12,Disease_PathCL,All,2016,2,q2,Stage2_iNEXT_TD_m_est,Stage2 iNEXT TD.m.est,,CliffsDelta,Cliff's delta,0.965,0.96,0.96,164,figures/main_q12/Disease_PathCL/All/2016/q2/Stage2_iNEXT_TD_m_est/CliffsDelta,False
main_q12,Disease_PathCL,All,2017,2,q2,Stage2_iNEXT_TD_m_est,Stage2 iNEXT TD.m.est,,CliffsDelta,Cliff's delta,0.965,0.96,0.96,165,figures/main_q12/Disease_PathCL/All/2017/q2/Stage2_iNEXT_TD_m_est/CliffsDelta,False
main_q12,Disease_PathCL,All,2018,2,q2,Stage2_iNEXT_TD_m_est,Stage2 iNEXT TD.m.est,,CliffsDelta,Cliff's delta,0.965,0.96,0.96,166,figures/main_q12/Disease_PathCL/All/2018/q2/Stage2_iNEXT_TD_m_est/CliffsDelta,False
main_q12,Disease_PathCL,All,2019,2,q2,Stage2_iNEXT_TD_m_est,Stage2 iNEXT TD.m.est,,CliffsDelta,Cliff's delta,0.965,0.96,0.96,167,figures/main_q12/Disease_PathCL/All/2019/q2/Stage2_iNEXT_TD_m_est/CliffsDelta,False
main_q12,Disease_PathCL,All,2020,2,q2,Stage2_iNEXT_TD_m_est,Stage2 iNEXT TD.m.est,,CliffsDelta,Cliff's delta,0.965,0.96,0.96,168,figures/main_q12/Disease_PathCL/All/2020/q2/Stage2_iNEXT_TD_m_est/CliffsDelta,False
main_q12,Disease_PathCL,All,Combo6yr,2,q2,Stage2_iNEXT_TD_m_est,Stage2 iNEXT TD.m.est,,CliffsDelta,Cliff's delta,0.965,0.96,0.96,169,figures/main_q12/Disease_PathCL/All/Combo6yr/q2/Stage2_iNEXT_TD_m_est/CliffsDelta,False
main_q12,Disease_PathCL,All,Period1_2015_2017,2,q2,Stage2_iNEXT_TD_m_est,Stage2 iNEXT TD.m.est,,CliffsDelta,Cliff's delta,0.965,0.96,0.96,170,figures/main_q12/Disease_PathCL/All/Period1_2015_2017/q2/Stage2_iNEXT_TD_m_est/CliffsDelta,False
main_q12,Disease_PathCL,All,Period2_2018_2020,2,q2,Stage2_iNEXT_TD_m_est,Stage2 iNEXT TD.m.est,,CliffsDelta,Cliff's delta,0.965,0.96,0.96,171,figures/main_q12/Disease_PathCL/All/Period2_2018_2020/q2/Stage2_iNEXT_TD_m_est/CliffsDelta,False
main_q12,Disease_PathCL,PM,2015,2,q2,Stage2_iNEXT_TD_m_est,Stage2 iNEXT TD.m.est,,CliffsDelta,Cliff's delta,0.965,0.96,0.96,172,figures/main_q12/Disease_PathCL/PM/2015/q2/Stage2_iNEXT_TD_m_est/CliffsDelta,False
main_q12,Disease_PathCL,PM,2016,2,q2,Stage2_iNEXT_TD_m_est,Stage2 iNEXT TD.m.est,,CliffsDelta,Cliff's delta,0.965,0.96,0.96,173,figures/main_q12/Disease_PathCL/PM/2016/q2/Stage2_iNEXT_TD_m_est/CliffsDelta,False
main_q12,Disease_PathCL,PM,2017,2,q2,Stage2_iNEXT_TD_m_est,Stage2 iNEXT TD.m.est,,CliffsDelta,Cliff's delta,0.965,0.96,0.96,174,figures/main_q12/Disease_PathCL/PM/2017/q2/Stage2_iNEXT_TD_m_est/CliffsDelta,False
main_q12,Disease_PathCL,PM,2018,2,q2,Stage2_iNEXT_TD_m_est,Stage2 iNEXT TD.m.est,,CliffsDelta,Cliff's delta,0.965,0.96,0.96,175,figures/main_q12/Disease_PathCL/PM/2018/q2/Stage2_iNEXT_TD_m_est/CliffsDelta,False
main_q12,Disease_PathCL,PM,2019,2,q2,Stage2_iNEXT_TD_m_est,Stage2 iNEXT TD.m.est,,CliffsDelta,Cliff's delta,0.965,0.96,0.96,176,figures/main_q12/Disease_PathCL/PM/2019/q2/Stage2_iNEXT_TD_m_est/CliffsDelta,False
main_q12,Disease_PathCL,PM,2020,2,q2,Stage2_iNEXT_TD_m_est,Stage2 iNEXT TD.m.est,,CliffsDelta,Cliff's delta,0.965,0.96,0.96,177,figures/main_q12/Disease_PathCL/PM/2020/q2/Stage2_iNEXT_TD_m_est/CliffsDelta,False
main_q12,Disease_PathCL,PM,Combo6yr,2,q2,Stage2_iNEXT_TD_m_est,Stage2 iNEXT TD.m.est,,CliffsDelta,Cliff's delta,0.965,0.96,0.96,178,figures/main_q12/Disease_PathCL/PM/Combo6yr/q2/Stage2_iNEXT_TD_m_est/CliffsDelta,False
main_q12,Disease_PathCL,PM,Period1_2015_2017,2,q2,Stage2_iNEXT_TD_m_est,Stage2 iNEXT TD.m.est,,CliffsDelta,Cliff's delta,0.965,0.96,0.96,179,figures/main_q12/Disease_PathCL/PM/Period1_2015_2017/q2/Stage2_iNEXT_TD_m_est/CliffsDelta,False
main_q12,Disease_PathCL,PM,Period2_2018_2020,2,q2,Stage2_iNEXT_TD_m_est,Stage2 iNEXT TD.m.est,,CliffsDelta,Cliff's delta,0.965,0.96,0.96,180,figures/main_q12/Disease_PathCL/PM/Period2_2018_2020/q2/Stage2_iNEXT_TD_m_est/CliffsDelta,False
main_q12,Disease_PathCL,SM,2015,2,q2,Stage2_iNEXT_TD_m_est,Stage2 iNEXT TD.m.est,,CliffsDelta,Cliff's delta,0.965,0.96,0.96,181,figures/main_q12/Disease_PathCL/SM/2015/q2/Stage2_iNEXT_TD_m_est/CliffsDelta,False
main_q12,Disease_PathCL,SM,2016,2,q2,Stage2_iNEXT_TD_m_est,Stage2 iNEXT TD.m.est,,CliffsDelta,Cliff's delta,0.965,0.96,0.96,182,figures/main_q12/Disease_PathCL/SM/2016/q2/Stage2_iNEXT_TD_m_est/CliffsDelta,False
main_q12,Disease_PathCL,SM,2017,2,q2,Stage2_iNEXT_TD_m_est,Stage2 iNEXT TD.m.est,,CliffsDelta,Cliff's delta,0.965,0.96,0.96,183,figures/main_q12/Disease_PathCL/SM/2017/q2/Stage2_iNEXT_TD_m_est/CliffsDelta,False
main_q12,Disease_PathCL,SM,2018,2,q2,Stage2_iNEXT_TD_m_est,Stage2 iNEXT TD.m.est,,CliffsDelta,Cliff's delta,0.965,0.96,0.96,184,figures/main_q12/Disease_PathCL/SM/2018/q2/Stage2_iNEXT_TD_m_est/CliffsDelta,False
main_q12,Disease_PathCL,SM,2019,2,q2,Stage2_iNEXT_TD_m_est,Stage2 iNEXT TD.m.est,,CliffsDelta,Cliff's delta,0.965,0.96,0.96,185,figures/main_q12/Disease_PathCL/SM/2019/q2/Stage2_iNEXT_TD_m_est/CliffsDelta,False
main_q12,Disease_PathCL,SM,2020,2,q2,Stage2_iNEXT_TD_m_est,Stage2 iNEXT TD.m.est,,CliffsDelta,Cliff's delta,0.965,0.96,0.96,186,figures/main_q12/Disease_PathCL/SM/2020/q2/Stage2_iNEXT_TD_m_est/CliffsDelta,False
main_q12,Disease_PathCL,SM,Combo6yr,2,q2,Stage2_iNEXT_TD_m_est,Stage2 iNEXT TD.m.est,,CliffsDelta,Cliff's delta,0.965,0.96,0.96,187,figures/main_q12/Disease_PathCL/SM/Combo6yr/q2/Stage2_iNEXT_TD_m_est/CliffsDelta,False
main_q12,Disease_PathCL,SM,Period1_2015_2017,2,q2,Stage2_iNEXT_TD_m_est,Stage2 iNEXT TD.m.est,,CliffsDelta,Cliff's delta,0.965,0.96,0.96,188,figures/main_q12/Disease_PathCL/SM/Period1_2015_2017/q2/Stage2_iNEXT_TD_m_est/CliffsDelta,False
main_q12,Disease_PathCL,SM,Period2_2018_2020,2,q2,Stage2_iNEXT_TD_m_est,Stage2 iNEXT TD.m.est,,CliffsDelta,Cliff's delta,0.965,0.96,0.96,189,figures/main_q12/Disease_PathCL/SM/Period2_2018_2020/q2/Stage2_iNEXT_TD_m_est/CliffsDelta,False
main_q12,Formula,All,2015,2,q2,Stage2_iNEXT_TD_m_est,Stage2 iNEXT TD.m.est,,CliffsDelta,Cliff's delta,0.965,0.96,0.96,190,figures/main_q12/Formula/All/2015/q2/Stage2_iNEXT_TD_m_est/CliffsDelta,False
main_q12,Formula,All,2016,2,q2,Stage2_iNEXT_TD_m_est,Stage2 iNEXT TD.m.est,,CliffsDelta,Cliff's delta,0.965,0.96,0.96,191,figures/main_q12/Formula/All/2016/q2/Stage2_iNEXT_TD_m_est/CliffsDelta,False
main_q12,Formula,All,2017,2,q2,Stage2_iNEXT_TD_m_est,Stage2 iNEXT TD.m.est,,CliffsDelta,Cliff's delta,0.965,0.96,0.96,192,figures/main_q12/Formula/All/2017/q2/Stage2_iNEXT_TD_m_est/CliffsDelta,False
main_q12,Formula,All,2018,2,q2,Stage2_iNEXT_TD_m_est,Stage2 iNEXT TD.m.est,,CliffsDelta,Cliff's delta,0.965,0.96,0.96,193,figures/main_q12/Formula/All/2018/q2/Stage2_iNEXT_TD_m_est/CliffsDelta,False
main_q12,Formula,All,2019,2,q2,Stage2_iNEXT_TD_m_est,Stage2 iNEXT TD.m.est,,CliffsDelta,Cliff's delta,0.965,0.96,0.96,194,figures/main_q12/Formula/All/2019/q2/Stage2_iNEXT_TD_m_est/CliffsDelta,False
main_q12,Formula,All,2020,2,q2,Stage2_iNEXT_TD_m_est,Stage2 iNEXT TD.m.est,,CliffsDelta,Cliff's delta,0.965,0.96,0.96,195,figures/main_q12/Formula/All/2020/q2/Stage2_iNEXT_TD_m_est/CliffsDelta,False
main_q12,Formula,All,Combo6yr,2,q2,Stage2_iNEXT_TD_m_est,Stage2 iNEXT TD.m.est,,CliffsDelta,Cliff's delta,0.965,0.96,0.96,196,figures/main_q12/Formula/All/Combo6yr/q2/Stage2_iNEXT_TD_m_est/CliffsDelta,False
main_q12,Formula,All,Period1_2015_2017,2,q2,Stage2_iNEXT_TD_m_est,Stage2 iNEXT TD.m.est,,CliffsDelta,Cliff's delta,0.965,0.96,0.96,197,figures/main_q12/Formula/All/Period1_2015_2017/q2/Stage2_iNEXT_TD_m_est/CliffsDelta,False
main_q12,Formula,All,Period2_2018_2020,2,q2,Stage2_iNEXT_TD_m_est,Stage2 iNEXT TD.m.est,,CliffsDelta,Cliff's delta,0.965,0.96,0.96,198,figures/main_q12/Formula/All/Period2_2018_2020/q2/Stage2_iNEXT_TD_m_est/CliffsDelta,False
main_q12,Formula,PM,2015,2,q2,Stage2_iNEXT_TD_m_est,Stage2 iNEXT TD.m.est,,CliffsDelta,Cliff's delta,0.965,0.96,0.96,199,figures/main_q12/Formula/PM/2015/q2/Stage2_iNEXT_TD_m_est/CliffsDelta,False
main_q12,Formula,PM,2016,2,q2,Stage2_iNEXT_TD_m_est,Stage2 iNEXT TD.m.est,,CliffsDelta,Cliff's delta,0.965,0.96,0.96,200,figures/main_q12/Formula/PM/2016/q2/Stage2_iNEXT_TD_m_est/CliffsDelta,False
main_q12,Formula,PM,2017,2,q2,Stage2_iNEXT_TD_m_est,Stage2 iNEXT TD.m.est,,CliffsDelta,Cliff's delta,0.965,0.96,0.96,201,figures/main_q12/Formula/PM/2017/q2/Stage2_iNEXT_TD_m_est/CliffsDelta,False
main_q12,Formula,PM,2018,2,q2,Stage2_iNEXT_TD_m_est,Stage2 iNEXT TD.m.est,,CliffsDelta,Cliff's delta,0.965,0.96,0.96,202,figures/main_q12/Formula/PM/2018/q2/Stage2_iNEXT_TD_m_est/CliffsDelta,False
main_q12,Formula,PM,2019,2,q2,Stage2_iNEXT_TD_m_est,Stage2 iNEXT TD.m.est,,CliffsDelta,Cliff's delta,0.965,0.96,0.96,203,figures/main_q12/Formula/PM/2019/q2/Stage2_iNEXT_TD_m_est/CliffsDelta,False
main_q12,Formula,PM,2020,2,q2,Stage2_iNEXT_TD_m_est,Stage2 iNEXT TD.m.est,,CliffsDelta,Cliff's delta,0.965,0.96,0.96,204,figures/main_q12/Formula/PM/2020/q2/Stage2_iNEXT_TD_m_est/CliffsDelta,False
main_q12,Formula,PM,Combo6yr,2,q2,Stage2_iNEXT_TD_m_est,Stage2 iNEXT TD.m.est,,CliffsDelta,Cliff's delta,0.965,0.96,0.96,205,figures/main_q12/Formula/PM/Combo6yr/q2/Stage2_iNEXT_TD_m_est/CliffsDelta,False
main_q12,Formula,PM,Period1_2015_2017,2,q2,Stage2_iNEXT_TD_m_est,Stage2 iNEXT TD.m.est,,CliffsDelta,Cliff's delta,0.965,0.96,0.96,206,figures/main_q12/Formula/PM/Period1_2015_2017/q2/Stage2_iNEXT_TD_m_est/CliffsDelta,False
main_q12,Formula,PM,Period2_2018_2020,2,q2,Stage2_iNEXT_TD_m_est,Stage2 iNEXT TD.m.est,,CliffsDelta,Cliff's delta,0.965,0.96,0.96,207,figures/main_q12/Formula/PM/Period2_2018_2020/q2/Stage2_iNEXT_TD_m_est/CliffsDelta,False
main_q12,Formula,SM,2015,2,q2,Stage2_iNEXT_TD_m_est,Stage2 iNEXT TD.m.est,,CliffsDelta,Cliff's delta,0.965,0.96,0.96,208,figures/main_q12/Formula/SM/2015/q2/Stage2_iNEXT_TD_m_est/CliffsDelta,False
main_q12,Formula,SM,2016,2,q2,Stage2_iNEXT_TD_m_est,Stage2 iNEXT TD.m.est,,CliffsDelta,Cliff's delta,0.965,0.96,0.96,209,figures/main_q12/Formula/SM/2016/q2/Stage2_iNEXT_TD_m_est/CliffsDelta,False
main_q12,Formula,SM,2017,2,q2,Stage2_iNEXT_TD_m_est,Stage2 iNEXT TD.m.est,,CliffsDelta,Cliff's delta,0.965,0.96,0.96,210,figures/main_q12/Formula/SM/2017/q2/Stage2_iNEXT_TD_m_est/CliffsDelta,False
main_q12,Formula,SM,2018,2,q2,Stage2_iNEXT_TD_m_est,Stage2 iNEXT TD.m.est,,CliffsDelta,Cliff's delta,0.965,0.96,0.96,211,figures/main_q12/Formula/SM/2018/q2/Stage2_iNEXT_TD_m_est/CliffsDelta,False
main_q12,Formula,SM,2019,2,q2,Stage2_iNEXT_TD_m_est,Stage2 iNEXT TD.m.est,,CliffsDelta,Cliff's delta,0.965,0.96,0.96,212,figures/main_q12/Formula/SM/2019/q2/Stage2_iNEXT_TD_m_est/CliffsDelta,False
main_q12,Formula,SM,2020,2,q2,Stage2_iNEXT_TD_m_est,Stage2 iNEXT TD.m.est,,CliffsDelta,Cliff's delta,0.965,0.96,0.96,213,figures/main_q12/Formula/SM/2020/q2/Stage2_iNEXT_TD_m_est/CliffsDelta,False
main_q12,Formula,SM,Combo6yr,2,q2,Stage2_iNEXT_TD_m_est,Stage2 iNEXT TD.m.est,,CliffsDelta,Cliff's delta,0.965,0.96,0.96,214,figures/main_q12/Formula/SM/Combo6yr/q2/Stage2_iNEXT_TD_m_est/CliffsDelta,False
main_q12,Formula,SM,Period1_2015_2017,2,q2,Stage2_iNEXT_TD_m_est,Stage2 iNEXT TD.m.est,,CliffsDelta,Cliff's delta,0.965,0.96,0.96,215,figures/main_q12/Formula/SM/Period1_2015_2017/q2/Stage2_iNEXT_TD_m_est/CliffsDelta,False
main_q12,Formula,SM,Period2_2018_2020,2,q2,Stage2_iNEXT_TD_m_est,Stage2 iNEXT TD.m.est,,CliffsDelta,Cliff's delta,0.965,0.96,0.96,216,figures/main_q12/Formula/SM/Period2_2018_2020/q2/Stage2_iNEXT_TD_m_est/CliffsDelta,False
main_q12,Network,All,2015,2,q2,Stage2_iNEXT_TD_m_est,Stage2 iNEXT TD.m.est,,CliffsDelta,Cliff's delta,0.965,0.96,0.96,217,figures/main_q12/Network/All/2015/q2/Stage2_iNEXT_TD_m_est/CliffsDelta,False
main_q12,Network,All,2016,2,q2,Stage2_iNEXT_TD_m_est,Stage2 iNEXT TD.m.est,,CliffsDelta,Cliff's delta,0.965,0.96,0.96,218,figures/main_q12/Network/All/2016/q2/Stage2_iNEXT_TD_m_est/CliffsDelta,False
main_q12,Network,All,2017,2,q2,Stage2_iNEXT_TD_m_est,Stage2 iNEXT TD.m.est,,CliffsDelta,Cliff's delta,0.965,0.96,0.96,219,figures/main_q12/Network/All/2017/q2/Stage2_iNEXT_TD_m_est/CliffsDelta,False
main_q12,Network,All,2018,2,q2,Stage2_iNEXT_TD_m_est,Stage2 iNEXT TD.m.est,,CliffsDelta,Cliff's delta,0.965,0.96,0.96,220,figures/main_q12/Network/All/2018/q2/Stage2_iNEXT_TD_m_est/CliffsDelta,False
main_q12,Network,All,2019,2,q2,Stage2_iNEXT_TD_m_est,Stage2 iNEXT TD.m.est,,CliffsDelta,Cliff's delta,0.965,0.96,0.96,221,figures/main_q12/Network/All/2019/q2/Stage2_iNEXT_TD_m_est/CliffsDelta,False
main_q12,Network,All,2020,2,q2,Stage2_iNEXT_TD_m_est,Stage2 iNEXT TD.m.est,,CliffsDelta,Cliff's delta,0.965,0.96,0.96,222,figures/main_q12/Network/All/2020/q2/Stage2_iNEXT_TD_m_est/CliffsDelta,False
main_q12,Network,All,Combo6yr,2,q2,Stage2_iNEXT_TD_m_est,Stage2 iNEXT TD.m.est,,CliffsDelta,Cliff's delta,0.965,0.96,0.96,223,figures/main_q12/Network/All/Combo6yr/q2/Stage2_iNEXT_TD_m_est/CliffsDelta,False
main_q12,Network,All,Period1_2015_2017,2,q2,Stage2_iNEXT_TD_m_est,Stage2 iNEXT TD.m.est,,CliffsDelta,Cliff's delta,0.965,0.96,0.96,224,figures/main_q12/Network/All/Period1_2015_2017/q2/Stage2_iNEXT_TD_m_est/CliffsDelta,False
main_q12,Network,All,Period2_2018_2020,2,q2,Stage2_iNEXT_TD_m_est,Stage2 iNEXT TD.m.est,,CliffsDelta,Cliff's delta,0.965,0.96,0.96,225,figures/main_q12/Network/All/Period2_2018_2020/q2/Stage2_iNEXT_TD_m_est/CliffsDelta,False
main_q12,Network,PM,2015,2,q2,Stage2_iNEXT_TD_m_est,Stage2 iNEXT TD.m.est,,CliffsDelta,Cliff's delta,0.965,0.96,0.96,226,figures/main_q12/Network/PM/2015/q2/Stage2_iNEXT_TD_m_est/CliffsDelta,False
main_q12,Network,PM,2016,2,q2,Stage2_iNEXT_TD_m_est,Stage2 iNEXT TD.m.est,,CliffsDelta,Cliff's delta,0.965,0.96,0.96,227,figures/main_q12/Network/PM/2016/q2/Stage2_iNEXT_TD_m_est/CliffsDelta,False
main_q12,Network,PM,2017,2,q2,Stage2_iNEXT_TD_m_est,Stage2 iNEXT TD.m.est,,CliffsDelta,Cliff's delta,0.965,0.96,0.96,228,figures/main_q12/Network/PM/2017/q2/Stage2_iNEXT_TD_m_est/CliffsDelta,False
main_q12,Network,PM,2018,2,q2,Stage2_iNEXT_TD_m_est,Stage2 iNEXT TD.m.est,,CliffsDelta,Cliff's delta,0.965,0.96,0.96,229,figures/main_q12/Network/PM/2018/q2/Stage2_iNEXT_TD_m_est/CliffsDelta,False
main_q12,Network,PM,2019,2,q2,Stage2_iNEXT_TD_m_est,Stage2 iNEXT TD.m.est,,CliffsDelta,Cliff's delta,0.965,0.96,0.96,230,figures/main_q12/Network/PM/2019/q2/Stage2_iNEXT_TD_m_est/CliffsDelta,False
main_q12,Network,PM,2020,2,q2,Stage2_iNEXT_TD_m_est,Stage2 iNEXT TD.m.est,,CliffsDelta,Cliff's delta,0.965,0.96,0.96,231,figures/main_q12/Network/PM/2020/q2/Stage2_iNEXT_TD_m_est/CliffsDelta,False
main_q12,Network,PM,Combo6yr,2,q2,Stage2_iNEXT_TD_m_est,Stage2 iNEXT TD.m.est,,CliffsDelta,Cliff's delta,0.965,0.96,0.96,232,figures/main_q12/Network/PM/Combo6yr/q2/Stage2_iNEXT_TD_m_est/CliffsDelta,False
main_q12,Network,PM,Period1_2015_2017,2,q2,Stage2_iNEXT_TD_m_est,Stage2 iNEXT TD.m.est,,CliffsDelta,Cliff's delta,0.965,0.96,0.96,233,figures/main_q12/Network/PM/Period1_2015_2017/q2/Stage2_iNEXT_TD_m_est/CliffsDelta,False
main_q12,Network,PM,Period2_2018_2020,2,q2,Stage2_iNEXT_TD_m_est,Stage2 iNEXT TD.m.est,,CliffsDelta,Cliff's delta,0.965,0.96,0.96,234,figures/main_q12/Network/PM/Period2_2018_2020/q2/Stage2_iNEXT_TD_m_est/CliffsDelta,False
main_q12,Network,SM,2015,2,q2,Stage2_iNEXT_TD_m_est,Stage2 iNEXT TD.m.est,,CliffsDelta,Cliff's delta,0.965,0.96,0.96,235,figures/main_q12/Network/SM/2015/q2/Stage2_iNEXT_TD_m_est/CliffsDelta,False
main_q12,Network,SM,2016,2,q2,Stage2_iNEXT_TD_m_est,Stage2 iNEXT TD.m.est,,CliffsDelta,Cliff's delta,0.965,0.96,0.96,236,figures/main_q12/Network/SM/2016/q2/Stage2_iNEXT_TD_m_est/CliffsDelta,False
main_q12,Network,SM,2017,2,q2,Stage2_iNEXT_TD_m_est,Stage2 iNEXT TD.m.est,,CliffsDelta,Cliff's delta,0.965,0.96,0.96,237,figures/main_q12/Network/SM/2017/q2/Stage2_iNEXT_TD_m_est/CliffsDelta,False
main_q12,Network,SM,2018,2,q2,Stage2_iNEXT_TD_m_est,Stage2 iNEXT TD.m.est,,CliffsDelta,Cliff's delta,0.965,0.96,0.96,238,figures/main_q12/Network/SM/2018/q2/Stage2_iNEXT_TD_m_est/CliffsDelta,False
main_q12,Network,SM,2019,2,q2,Stage2_iNEXT_TD_m_est,Stage2 iNEXT TD.m.est,,CliffsDelta,Cliff's delta,0.965,0.96,0.96,239,figures/main_q12/Network/SM/2019/q2/Stage2_iNEXT_TD_m_est/CliffsDelta,False
main_q12,Network,SM,2020,2,q2,Stage2_iNEXT_TD_m_est,Stage2 iNEXT TD.m.est,,CliffsDelta,Cliff's delta,0.965,0.96,0.96,240,figures/main_q12/Network/SM/2020/q2/Stage2_iNEXT_TD_m_est/CliffsDelta,False
main_q12,Network,SM,Combo6yr,2,q2,Stage2_iNEXT_TD_m_est,Stage2 iNEXT TD.m.est,,CliffsDelta,Cliff's delta,0.965,0.96,0.96,241,figures/main_q12/Network/SM/Combo6yr/q2/Stage2_iNEXT_TD_m_est/CliffsDelta,False
main_q12,Network,SM,Period1_2015_2017,2,q2,Stage2_iNEXT_TD_m_est,Stage2 iNEXT TD.m.est,,CliffsDelta,Cliff's delta,0.965,0.96,0.96,242,figures/main_q12/Network/SM/Period1_2015_2017/q2/Stage2_iNEXT_TD_m_est/CliffsDelta,False
main_q12,Network,SM,Period2_2018_2020,2,q2,Stage2_iNEXT_TD_m_est,Stage2 iNEXT TD.m.est,,CliffsDelta,Cliff's delta,0.965,0.96,0.96,243,figures/main_q12/Network/SM/Period2_2018_2020/q2/Stage2_iNEXT_TD_m_est/CliffsDelta,False
main_q12,Pathway,All,2015,2,q2,Stage2_iNEXT_TD_m_est,Stage2 iNEXT TD.m.est,,CliffsDelta,Cliff's delta,0.965,0.96,0.96,244,figures/main_q12/Pathway/All/2015/q2/Stage2_iNEXT_TD_m_est/CliffsDelta,False
main_q12,Pathway,All,2016,2,q2,Stage2_iNEXT_TD_m_est,Stage2 iNEXT TD.m.est,,CliffsDelta,Cliff's delta,0.965,0.96,0.96,245,figures/main_q12/Pathway/All/2016/q2/Stage2_iNEXT_TD_m_est/CliffsDelta,False
main_q12,Pathway,All,2017,2,q2,Stage2_iNEXT_TD_m_est,Stage2 iNEXT TD.m.est,,CliffsDelta,Cliff's delta,0.965,0.96,0.96,246,figures/main_q12/Pathway/All/2017/q2/Stage2_iNEXT_TD_m_est/CliffsDelta,False
main_q12,Pathway,All,2018,2,q2,Stage2_iNEXT_TD_m_est,Stage2 iNEXT TD.m.est,,CliffsDelta,Cliff's delta,0.965,0.96,0.96,247,figures/main_q12/Pathway/All/2018/q2/Stage2_iNEXT_TD_m_est/CliffsDelta,False
main_q12,Pathway,All,2019,2,q2,Stage2_iNEXT_TD_m_est,Stage2 iNEXT TD.m.est,,CliffsDelta,Cliff's delta,0.965,0.96,0.96,248,figures/main_q12/Pathway/All/2019/q2/Stage2_iNEXT_TD_m_est/CliffsDelta,False
main_q12,Pathway,All,2020,2,q2,Stage2_iNEXT_TD_m_est,Stage2 iNEXT TD.m.est,,CliffsDelta,Cliff's delta,0.965,0.96,0.96,249,figures/main_q12/Pathway/All/2020/q2/Stage2_iNEXT_TD_m_est/CliffsDelta,False
main_q12,Pathway,All,Combo6yr,2,q2,Stage2_iNEXT_TD_m_est,Stage2 iNEXT TD.m.est,,CliffsDelta,Cliff's delta,0.965,0.96,0.96,250,figures/main_q12/Pathway/All/Combo6yr/q2/Stage2_iNEXT_TD_m_est/CliffsDelta,False
main_q12,Pathway,All,Period1_2015_2017,2,q2,Stage2_iNEXT_TD_m_est,Stage2 iNEXT TD.m.est,,CliffsDelta,Cliff's delta,0.965,0.96,0.96,251,figures/main_q12/Pathway/All/Period1_2015_2017/q2/Stage2_iNEXT_TD_m_est/CliffsDelta,False
main_q12,Pathway,All,Period2_2018_2020,2,q2,Stage2_iNEXT_TD_m_est,Stage2 iNEXT TD.m.est,,CliffsDelta,Cliff's delta,0.965,0.96,0.96,252,figures/main_q12/Pathway/All/Period2_2018_2020/q2/Stage2_iNEXT_TD_m_est/CliffsDelta,False
main_q12,Pathway,PM,2015,2,q2,Stage2_iNEXT_TD_m_est,Stage2 iNEXT TD.m.est,,CliffsDelta,Cliff's delta,0.965,0.96,0.96,253,figures/main_q12/Pathway/PM/2015/q2/Stage2_iNEXT_TD_m_est/CliffsDelta,False
main_q12,Pathway,PM,2016,2,q2,Stage2_iNEXT_TD_m_est,Stage2 iNEXT TD.m.est,,CliffsDelta,Cliff's delta,0.965,0.96,0.96,254,figures/main_q12/Pathway/PM/2016/q2/Stage2_iNEXT_TD_m_est/CliffsDelta,False
main_q12,Pathway,PM,2017,2,q2,Stage2_iNEXT_TD_m_est,Stage2 iNEXT TD.m.est,,CliffsDelta,Cliff's delta,0.965,0.96,0.96,255,figures/main_q12/Pathway/PM/2017/q2/Stage2_iNEXT_TD_m_est/CliffsDelta,False
main_q12,Pathway,PM,2018,2,q2,Stage2_iNEXT_TD_m_est,Stage2 iNEXT TD.m.est,,CliffsDelta,Cliff's delta,0.965,0.96,0.96,256,figures/main_q12/Pathway/PM/2018/q2/Stage2_iNEXT_TD_m_est/CliffsDelta,False
main_q12,Pathway,PM,2019,2,q2,Stage2_iNEXT_TD_m_est,Stage2 iNEXT TD.m.est,,CliffsDelta,Cliff's delta,0.965,0.96,0.96,257,figures/main_q12/Pathway/PM/2019/q2/Stage2_iNEXT_TD_m_est/CliffsDelta,False
main_q12,Pathway,PM,2020,2,q2,Stage2_iNEXT_TD_m_est,Stage2 iNEXT TD.m.est,,CliffsDelta,Cliff's delta,0.965,0.96,0.96,258,figures/main_q12/Pathway/PM/2020/q2/Stage2_iNEXT_TD_m_est/CliffsDelta,False
main_q12,Pathway,PM,Combo6yr,2,q2,Stage2_iNEXT_TD_m_est,Stage2 iNEXT TD.m.est,,CliffsDelta,Cliff's delta,0.965,0.96,0.96,259,figures/main_q12/Pathway/PM/Combo6yr/q2/Stage2_iNEXT_TD_m_est/CliffsDelta,False
main_q12,Pathway,PM,Period1_2015_2017,2,q2,Stage2_iNEXT_TD_m_est,Stage2 iNEXT TD.m.est,,CliffsDelta,Cliff's delta,0.965,0.96,0.96,260,figures/main_q12/Pathway/PM/Period1_2015_2017/q2/Stage2_iNEXT_TD_m_est/CliffsDelta,False
main_q12,Pathway,PM,Period2_2018_2020,2,q2,Stage2_iNEXT_TD_m_est,Stage2 iNEXT TD.m.est,,CliffsDelta,Cliff's delta,0.965,0.96,0.96,261,figures/main_q12/Pathway/PM/Period2_2018_2020/q2/Stage2_iNEXT_TD_m_est/CliffsDelta,False
main_q12,Pathway,SM,2015,2,q2,Stage2_iNEXT_TD_m_est,Stage2 iNEXT TD.m.est,,CliffsDelta,Cliff's delta,0.965,0.96,0.96,262,figures/main_q12/Pathway/SM/2015/q2/Stage2_iNEXT_TD_m_est/CliffsDelta,False
main_q12,Pathway,SM,2016,2,q2,Stage2_iNEXT_TD_m_est,Stage2 iNEXT TD.m.est,,CliffsDelta,Cliff's delta,0.965,0.96,0.96,263,figures/main_q12/Pathway/SM/2016/q2/Stage2_iNEXT_TD_m_est/CliffsDelta,False
main_q12,Pathway,SM,2017,2,q2,Stage2_iNEXT_TD_m_est,Stage2 iNEXT TD.m.est,,CliffsDelta,Cliff's delta,0.965,0.96,0.96,264,figures/main_q12/Pathway/SM/2017/q2/Stage2_iNEXT_TD_m_est/CliffsDelta,False
main_q12,Pathway,SM,2018,2,q2,Stage2_iNEXT_TD_m_est,Stage2 iNEXT TD.m.est,,CliffsDelta,Cliff's delta,0.965,0.96,0.96,265,figures/main_q12/Pathway/SM/2018/q2/Stage2_iNEXT_TD_m_est/CliffsDelta,False
main_q12,Pathway,SM,2019,2,q2,Stage2_iNEXT_TD_m_est,Stage2 iNEXT TD.m.est,,CliffsDelta,Cliff's delta,0.965,0.96,0.96,266,figures/main_q12/Pathway/SM/2019/q2/Stage2_iNEXT_TD_m_est/CliffsDelta,False
main_q12,Pathway,SM,2020,2,q2,Stage2_iNEXT_TD_m_est,Stage2 iNEXT TD.m.est,,CliffsDelta,Cliff's delta,0.965,0.96,0.96,267,figures/main_q12/Pathway/SM/2020/q2/Stage2_iNEXT_TD_m_est/CliffsDelta,False
main_q12,Pathway,SM,Combo6yr,2,q2,Stage2_iNEXT_TD_m_est,Stage2 iNEXT TD.m.est,,CliffsDelta,Cliff's delta,0.965,0.96,0.96,268,figures/main_q12/Pathway/SM/Combo6yr/q2/Stage2_iNEXT_TD_m_est/CliffsDelta,False
main_q12,Pathway,SM,Period1_2015_2017,2,q2,Stage2_iNEXT_TD_m_est,Stage2 iNEXT TD.m.est,,CliffsDelta,Cliff's delta,0.965,0.96,0.96,269,figures/main_q12/Pathway/SM/Period1_2015_2017/q2/Stage2_iNEXT_TD_m_est/CliffsDelta,False
main_q12,Pathway,SM,Period2_2018_2020,2,q2,Stage2_iNEXT_TD_m_est,Stage2 iNEXT TD.m.est,,CliffsDelta,Cliff's delta,0.965,0.96,0.96,270,figures/main_q12/Pathway/SM/Period2_2018_2020/q2/Stage2_iNEXT_TD_m_est/CliffsDelta,False
